{
  "code": 0,
  "message": "",
  "data": {
    "id": null,
    "text": "例题题目",
    "playUrl": "http://1253326750.vod2.myqcloud.com/2b8e2321vodgzp1253326750/54f4ff6b9031868223182765357/f0.mp4",
    "tests": [
      {
        "id": 3524,
        "createTime": null,
        "type": 4,
        "topic": "题目",
        "answer": "答案",
        "analysis": "解析",
        "keyPoint": "知识点",
        "detailAnswer": "解答",
        "comment": "点评",
        "option": "选择题的选项：用<br/>分割的多个选项",
        "level": 2,
        "chapter": null
      }
    ]
  },
  "totalCount": 0,
  "type": 0
}