{
  "code": 0,
  "message": "",
  "data": [
    {
      "rank": 220,
      "star": 120,
      "nickname": "张三",
      "lv": 10,
      "avatar": "http://test.91xiaoyu.com/images/free.gif",
      "stuDay": 10
    },
    {
      "rank": 220,
      "star": 280,
      "nickname": "李四",
      "lv": 20,
      "avatar": "http://test.91xiaoyu.com/images/free.gif",
      "stuDay": 10
    },
    {
      "rank": 320,
      "star": 220,
      "nickname": "王五",
      "lv": 30,
      "avatar": "http://test.91xiaoyu.com/images/free.gif",
      "stuDay": 10
    },
    {
      "rank": 220,
      "star": 230,
      "nickname": "玛丽",
      "lv": 40,
      "avatar": "http://test.91xiaoyu.com/images/free.gif",
      "stuDay": 101
    },
    {
      "rank": 320,
      "star": 240,
      "nickname": "闫崇莲",
      "lv": 10,
      "avatar": "http://test.91xiaoyu.com/images/free.gif",
      "stuDay": 101
    },
    {
      "rank": 520,
      "star": 220,
      "nickname": "张晓红",
      "lv": 30,
      "avatar": "http://test.91xiaoyu.com/images/free.gif",
      "stuDay": 110
    },
    {
      "rank": 320,
      "star": 220,
      "nickname": "李思思",
      "lv": 40,
      "avatar": "http://test.91xiaoyu.com/images/free.gif",
      "stuDay": 105
    },
    {
      "rank": 220,
      "star": 210,
      "nickname": "洪涛",
      "lv": 0,
      "avatar": "http://test.91xiaoyu.com/images/free.gif",
      "stuDay": 103
    },
    {
      "rank": 620,
      "star": 20,
      "nickname": "王明明",
      "lv": 20,
      "avatar": "http://test.91xiaoyu.com/images/free.gif",
      "stuDay": 120
    },
    {
      "rank": 320,
      "star": 20,
      "nickname": "张菲菲",
      "lv": 0,
      "avatar": "http://test.91xiaoyu.com/images/free.gif",
      "stuDay": 120
    },
    {
      "rank": 110,
      "star": 220,
      "nickname": "姚丽莎",
      "lv": 0,
      "avatar": "http://test.91xiaoyu.com/images/free.gif",
      "stuDay": 150
    }
  ],
  "totalCount": 0,
  "type": 0
}