{
  "code": 0,
  "message": "成功",
  "totalCount": 0,
  "type": 0,
  "data": [
    {
      "name": "有理数的混合运算",
      "exams": [
        {
          "id": 175,
          "text": "AAA测试1",
          "playUrl": null,
          "summary": null,
          "speak": null,
          "analysis": null,
          "star": 6,
          "vip": 0,
          "exp": 0,
          "coin": 0
        },
        {
          "id": 176,
          "text": "AAA测试2",
          "playUrl": null,
          "summary": null,
          "speak": null,
          "analysis": null,
          "star": 6,
          "vip": 0,
          "exp": 0,
          "coin": 0
        },
        {
          "id": 177,
          "text": "AAA测试3",
          "playUrl": null,
          "summary": null,
          "speak": null,
          "analysis": null,
          "star": 6,
          "vip": 0,
          "exp": 0,
          "coin": 0
        }
      ]
    },
    {
      "name": "科学记数法",
      "exams": [
        {
          "id": 178,
          "text": "BBBB测试1",
          "playUrl": null,
          "summary": null,
          "speak": null,
          "analysis": null,
          "star": 6,
          "vip": 0,
          "exp": 0,
          "coin": 0
        },
        {
          "id": 179,
          "text": "BBBB测试2",
          "playUrl": null,
          "summary": null,
          "speak": null,
          "analysis": null,
          "star": 6,
          "vip": 0,
          "exp": 0,
          "coin": 0
        },
        {
          "id": 180,
          "text": "BBBB测试3",
          "playUrl": null,
          "summary": null,
          "speak": null,
          "analysis": null,
          "star": 6,
          "vip": 0,
          "exp": 0,
          "coin": 0
        },
        {
          "id": 181,
          "text": "BBBB测试4",
          "playUrl": null,
          "summary": null,
          "speak": null,
          "analysis": null,
          "star": 6,
          "vip": 0,
          "exp": 0,
          "coin": 0
        }
      ]
    },
    {
      "name": "有理数的乘方",
      "exams": [
        {
          "id": 182,
          "text": "CCCC测试1",
          "playUrl": null,
          "summary": null,
          "speak": null,
          "analysis": null,
          "star": 6,
          "vip": 0,
          "exp": 0,
          "coin": 0
        },
        {
          "id": 183,
          "text": "CCCC测试2",
          "playUrl": null,
          "summary": null,
          "speak": null,
          "analysis": null,
          "star": 6,
          "vip": 0,
          "exp": 0,
          "coin": 0
        },
        {
          "id": 184,
          "text": "CCCC测试3",
          "playUrl": null,
          "summary": null,
          "speak": null,
          "analysis": null,
          "star": 6,
          "vip": 0,
          "exp": 0,
          "coin": 0
        }
      ]
    },
    {
      "name": "有理数的除法",
      "exams": [
        {
          "id": 185,
          "text": "DDDD测试1",
          "playUrl": null,
          "summary": null,
          "speak": null,
          "analysis": null,
          "star": 6,
          "vip": 0,
          "exp": 0,
          "coin": 0
        },
        {
          "id": 186,
          "text": "DDDD测试2",
          "playUrl": null,
          "summary": null,
          "speak": null,
          "analysis": null,
          "star": 6,
          "vip": 0,
          "exp": 0,
          "coin": 0
        }
      ]
    },
    {
      "name": "有理数的乘法",
      "exams": [
        {
          "id": 179,
          "text": "EEEE测试1",
          "playUrl": null,
          "summary": null,
          "speak": null,
          "analysis": null,
          "star": 6,
          "vip": 0,
          "exp": 0,
          "coin": 0
        }
      ]
    },
    {
      "name": "有理数的加减混合运算",
      "exams": [
        {
          "id": 111,
          "text": "EEEE测试1",
          "playUrl": null,
          "summary": null,
          "speak": null,
          "analysis": null,
          "star": 6,
          "vip": 0,
          "exp": 0,
          "coin": 0
        }
      ]
    }
  ]
}