{
  "programmers": [
    {
      "firstName": "Brett",
      "lastName": "McLaughlin",
      "email": "aaaa"
    },
    {
      "firstName": "Jason",
      "lastName": "Hunter",
      "email": "bbbb"
    },
    {
      "firstName": "Elliotte",
      "lastName": "Harold",
      "email": "cccc"
    }
  ],
  "authors": [
    {
      "firstName": "Isaac",
      "lastName": "Asimov",
      "genre": "science fiction"
    },
    {
      "firstName": "Tad",
      "lastName": "Williams",
      "genre": "fantasy"
    },
    {
      "firstName": "Frank",
      "lastName": "Peretti",
      "genre": "christian fiction"
    }
  ],
  "musicians": [
    {
      "firstName": "Eric",
      "lastName": "Clapton",
      "instrument": "guitar"
    },
    {
      "firstName": "Sergei",
      "lastName": "Rachmaninoff",
      "instrument": "piano"
    }
  ]
}